country,iso2c,iso3c,year,status,lastupdated,gdp_per_capita,gdp_growth,population,inflation,unemployment,life_expectancy,region,capital,longitude,latitude,income,lending
Afghanistan,AF,AFG,2019,,2025-07-01,496.6025042585,3.91160341625552,37856121,2.30237251516834,11.185,62.941,South Asia,Kabul,69.1761,34.5228,Low income,IDA
Africa Eastern and Southern,ZH,AFE,2019,,2025-07-01,1493.81793829992,2.20034043292389,675950189,4.64496717329569,7.58441879909928,63.8572612837043,Aggregates,,,,Aggregates,Aggregates
Africa Western and Central,ZI,AFW,2019,,2025-07-01,1798.34068458315,3.28216299793968,463365429,1.98309228487232,4.39527121076193,57.1498467555118,Aggregates,,,,Aggregates,Aggregates
Albania,AL,ALB,2019,,2025-07-01,5460.4305086932,2.06257790176122,2854191,1.41109078954246,11.466,79.467,Europe & Central Asia,Tirane,19.8172,41.3317,Upper middle income,IBRD
Algeria,DZ,DZA,2019,,2025-07-01,4468.45341883656,0.899999999219148,43294546,1.95176821052892,12.259,75.682,Middle East & North Africa,Algiers,3.05097,36.7397,Upper middle income,IBRD
American Samoa,AS,ASM,2019,,2025-07-01,12886.1359517218,-0.487804878048777,50209,NA,NA,72.751,East Asia & Pacific,Pago Pago,-170.691,-14.2846,High income,Not classified
Andorra,AD,AND,2019,,2025-07-01,41257.8045846483,2.01554763848308,76474,NA,NA,84.098,Europe & Central Asia,Andorra la Vella,1.5218,42.5075,High income,Not classified
Angola,AO,AGO,2019,,2025-07-01,2189.85571407618,-0.702272957616017,32375632,17.080954143438,16.497,63.051,Sub-Saharan Africa,Luanda,13.242,-8.81155,Lower middle income,IBRD
Antigua and Barbuda,AG,ATG,2019,,2025-07-01,18896.3721832248,3.1722219373937,91364,1.43135598182984,NA,77.168,Latin America & Caribbean,Saint John's,-61.8456,17.1175,High income,IBRD
Arab World,1A,ARB,2019,,2025-07-01,6638.48541455372,1.72691613697276,444281315,1.09184802655856,10.2160980238311,71.8398932674972,Aggregates,,,,Aggregates,Aggregates
Argentina,AR,ARG,2019,,2025-07-01,9955.97478680428,-2.00086100285785,44973465,NA,9.843,76.847,Latin America & Caribbean,Buenos Aires,-58.4173,-34.6118,Upper middle income,IBRD
Armenia,AM,ARM,2019,,2025-07-01,4597.22887399548,7.59999999853918,2962500,1.44344660770698,18.304,76.2219512195122,Europe & Central Asia,Yerevan,44.509,40.1596,Upper middle income,IBRD
Aruba,AW,ABW,2019,,2025-07-01,31096.2050738676,-2.23244202651868,109203,4.25746204335428,NA,76.019,Latin America & Caribbean,Oranjestad,-70.0167,12.5167,High income,Not classified
Australia,AU,AUS,2019,,2025-07-01,54972.7017885437,2.17154505737176,25334826,1.61076787290379,5.159,82.9,East Asia & Pacific,Canberra,149.129,-35.282,High income,Not classified
Austria,AT,AUT,2019,,2025-07-01,49885.9947355204,1.75497619649288,8879920,1.53089564152644,4.56,81.8951219512195,Europe & Central Asia,Vienna,16.3798,48.2201,High income,Not classified
Azerbaijan,AZ,AZE,2019,,2025-07-01,4805.75371765917,2.47980893443938,10024283,2.61057182799215,5,73.29,Europe & Central Asia,Baku,49.8932,40.3834,Upper middle income,IBRD
"Bahamas, The",BS,BHS,2019,,2025-07-01,33640.3369861278,-0.839051301013157,394675,2.49123527368046,9.336,71.408,Latin America & Caribbean,Nassau,-77.339,25.0661,High income,Not classified
Bahrain,BH,BHR,2019,,2025-07-01,27259.7438599327,2.05287774418655,1483756,1.00582004702137,1.223,80.471,Middle East & North Africa,Manama,50.5354,26.1921,High income,Not classified
Bangladesh,BD,BGD,2019,,2025-07-01,2129.79896954606,7.88191515117722,164913055,5.59199639930629,4.441,72.625,South Asia,Dhaka,90.4113,23.7055,Lower middle income,IDA
Barbados,BB,BRB,2019,,2025-07-01,20583.7265786414,0.652585417698418,281207,4.10028964518461,8.412,76.495,Latin America & Caribbean,Bridgetown,-59.6105,13.0935,High income,IBRD
Belarus,BY,BLR,2019,,2025-07-01,6837.77339645635,1.4464554769185,9419758,5.59815595039854,4.165,74.2268292682927,Europe & Central Asia,Minsk,27.5766,53.9678,Upper middle income,IBRD
Belgium,BE,BEL,2019,,2025-07-01,46716.6227467964,2.4428900448156,11488980,1.43681956996429,5.364,81.9951219512195,Europe & Central Asia,Brussels,4.36761,50.8371,High income,Not classified
Belize,BZ,BLZ,2019,,2025-07-01,6190.04792278445,4.26763689618086,385829,0.187069385181424,9.053,72.577,Latin America & Caribbean,Belmopan,-88.7713,17.2534,Upper middle income,Blend
Benin,BJ,BEN,2019,,2025-07-01,1130.82135339795,6.86568662848335,12726755,0.732849371241066,1.214,59.888,Sub-Saharan Africa,Porto-Novo,2.6323,6.4779,Lower middle income,IDA
Bermuda,BM,BMU,2019,,2025-07-01,115798.040775578,0.307106461240664,64107,NA,NA,81.251,North America,Hamilton,-64.706,32.3293,High income,Not classified
Bhutan,BT,BTN,2019,,2025-07-01,3576.87987100503,5.75514851246506,764824,2.72643037388832,2.72,72.005,South Asia,Thimphu,89.6177,27.5768,Lower middle income,IDA
Bolivia,BO,BOL,2019,,2025-07-01,3503.89601123129,2.21670563961031,11671386,1.83954504969026,3.682,67.82,Latin America & Caribbean,La Paz,-66.1936,-13.9908,Lower middle income,IBRD
Bosnia and Herzegovina,BA,BIH,2019,,2025-07-01,6122.3753450882,2.88734334414875,3345533,0.56278215406123,15.692,77.394,Europe & Central Asia,Sarajevo,18.4214,43.8607,Upper middle income,IBRD
Botswana,BW,BWA,2019,,2025-07-01,7172.08956480028,3.03177337082403,2332083,2.77286442863321,20.094,67.167,Sub-Saharan Africa,Gaborone,25.9201,-24.6544,Upper middle income,IBRD
Brazil,BR,BRA,2019,,2025-07-01,9029.83326681073,1.22077782360842,207455459,3.73297621216894,11.936,75.809,Latin America & Caribbean,Brasilia,-47.9292,-15.7801,Upper middle income,IBRD
British Virgin Islands,VG,VGB,2019,,2025-07-01,NA,NA,36395,NA,NA,76.845,Latin America & Caribbean,Road Town,-64.623056,18.431389,High income,Not classified
Brunei Darussalam,BN,BRN,2019,,2025-07-01,30426.5730284202,3.86884416432889,442680,-0.390522069165529,6.6,75.049,East Asia & Pacific,Bandar Seri Begawan,114.946,4.94199,High income,Not classified
Bulgaria,BG,BGR,2019,,2025-07-01,10372.8044341114,3.78885036478003,6616726,3.10372944796781,4.23,75.1121951219512,Europe & Central Asia,Sofia,23.3238,42.7105,High income,IBRD
Burkina Faso,BF,BFA,2019,,2025-07-01,764.853077774946,5.88920497068135,20961952,-3.2333893398333,4.71,60.184,Sub-Saharan Africa,Ouagadougou,-1.53395,12.3605,Low income,IDA
Burundi,BI,BDI,2019,,2025-07-01,210.236494521532,1.81256532401552,12255336,-0.686772170797359,1.043,62.18,Sub-Saharan Africa,Bujumbura,29.3639,-3.3784,Low income,IDA
Cabo Verde,CV,CPV,2019,,2025-07-01,4380.78117331128,6.94782634051859,514104,1.10666674296063,12.128,75.449,Sub-Saharan Africa,Praia,-23.5087,14.9218,Lower middle income,Blend
Cambodia,KH,KHM,2019,,2025-07-01,2225.87705485686,7.93695013588524,16481304,1.94257500833107,0.119,70.127,East Asia & Pacific,Phnom Penh,104.874,11.5556,Lower middle income,IDA
Cameroon,CM,CMR,2019,,2025-07-01,1555.22660476477,3.47505998194981,25506095,2.45280214062732,3.622,61.695,Sub-Saharan Africa,Yaounde,11.5174,3.8721,Lower middle income,Blend
Canada,CA,CAN,2019,,2025-07-01,46352.8693445211,1.90843194590616,37618495,1.94926902411593,5.69,82.1636585365854,North America,Ottawa,-75.6919,45.4215,High income,Not classified
Caribbean small states,S3,CSS,2019,,2025-07-01,13938.2023201976,0.919134167721197,4443134,1.00054293027237,8.16211430457681,72.1292604830284,Aggregates,,,,Aggregates,Aggregates
Cayman Islands,KY,CYM,2019,,2025-07-01,88254.2903677044,3.91563534249416,67327,NA,NA,79.052,Latin America & Caribbean,George Town,-81.3857,19.3022,High income,Not classified
Central African Republic,CF,CAF,2019,,2025-07-01,449.228467602439,3.09999999999999,4944703,2.68537355266787,5.607,31.53,Sub-Saharan Africa,Bangui,21.6407,5.63056,Low income,IDA
Central Europe and the Baltics,B8,CEB,2019,,2025-07-01,16551.8488917344,4.02671124743459,101864274,2.66456133425431,3.77015348175842,77.2659141936307,Aggregates,,,,Aggregates,Aggregates
Chad,TD,TCD,2019,,2025-07-01,893.336441643325,5.38865646919793,16685223,-0.971939175419317,1.084,52.993,Sub-Saharan Africa,N'Djamena,15.0445,12.1048,Low income,IDA
Channel Islands,JG,CHI,2019,,2025-07-01,60568.108347955,1.57335596156342,165639,NA,6.408,81.2,Europe & Central Asia,,,,High income,Not classified
Chile,CL,CHL,2019,,2025-07-01,14495.716721687,0.634367533828438,19197744,2.55754475703327,7.493,80.324,Latin America & Caribbean,Santiago,-70.6475,-33.475,High income,IBRD
China,CN,CHN,2019,,2025-07-01,10342.9009524335,6.06850235053705,1407745000,2.89923416358227,4.56,77.94,East Asia & Pacific,Beijing,116.286,40.0495,Upper middle income,IBRD
Colombia,CO,COL,2019,,2025-07-01,6472.54544924705,3.18685539245533,49907985,3.52301932741447,10.28,76.793,Latin America & Caribbean,Bogota,-74.082,4.60987,Upper middle income,IBRD
Comoros,KM,COM,2019,,2025-07-01,1519.26386326167,3.62877024437186,786578,NA,3.934,65.662,Sub-Saharan Africa,Moroni,43.2418,-11.6986,Lower middle income,IDA
"Congo, Dem. Rep.",CD,COD,2019,,2025-07-01,557.044161335917,4.38452887429834,92947442,NA,4.591,60.242,Sub-Saharan Africa,Kinshasa,15.3222,-4.325,Low income,IDA
"Congo, Rep.",CG,COG,2019,,2025-07-01,2488.42466724916,1.12447391976529,5616661,2.20607305781525,20.392,63.152,Sub-Saharan Africa,Brazzaville,15.2662,-4.2767,Lower middle income,Blend
Costa Rica,CR,CRI,2019,,2025-07-01,12884.6859951947,2.41751181762513,4999553,2.09604635327807,10.807,80.296,Latin America & Caribbean,San Jose,-84.0089,9.63701,Upper middle income,IBRD
Cote d'Ivoire,CI,CIV,2019,,2025-07-01,2141.76836170115,6.72137167584978,28193009,-1.10686343994188,2.401,60.274,Sub-Saharan Africa,Yamoussoukro,-4.0305,5.332,Lower middle income,IDA
Croatia,HR,HRV,2019,,2025-07-01,15563.8167397199,3.10043911443758,3949390,0.771820346498019,6.617,78.2243902439024,Europe & Central Asia,Zagreb,15.9614,45.8069,High income,IBRD
Cuba,CU,CUB,2019,,2025-07-01,9232.26115935183,-0.163087223606624,11202846,NA,1.705,77.413,Latin America & Caribbean,Havana,-82.3667,23.1333,Upper middle income,Not classified
Curacao,CW,CUW,2019,,2025-07-01,19220.6865793075,-3.20613171902535,157441,2.62220783425059,NA,76.492,Latin America & Caribbean,Willemstad,,,High income,Not classified
Cyprus,CY,CYP,2019,,2025-07-01,29703.052734375,5.87559583386607,1286671,0.250370996758493,7.155,81.454,Europe & Central Asia,Nicosia,33.3736,35.1676,High income,Not classified
Czechia,CZ,CZE,2019,,2025-07-01,24062.7190013343,3.56577658128261,10671870,2.8478759591805,2.015,79.2292682926829,Europe & Central Asia,Prague,14.4205,50.0878,High income,Not classified
Denmark,DK,DNK,2019,,2025-07-01,59404.2663247723,1.71140093932736,5814422,0.75813157251162,5.018,81.4512195121951,Europe & Central Asia,Copenhagen,12.5681,55.6763,High income,Not classified
Djibouti,DJ,DJI,2019,,2025-07-01,2837.16902340932,5.54508081154978,1088709,3.31925372703827,26.256,64.381,Middle East & North Africa,Djibouti,43.1425,11.5806,Lower middle income,IDA
Dominica,DM,DMA,2019,,2025-07-01,9491.14995962374,3.94809757938053,67880,1.50462353858141,NA,71.305,Latin America & Caribbean,Roseau,-61.39,15.2976,Upper middle income,Blend
Dominican Republic,DO,DOM,2019,,2025-07-01,8183.01623600375,4.8940301149584,10894043,1.81060377042959,6.356,73.112,Latin America & Caribbean,Santo Domingo,-69.8908,18.479,Upper middle income,IBRD
Early-demographic dividend,V2,EAR,2019,,2025-07-01,3543.32390703605,2.38719124728404,3355014793,2.75980873474443,6.33471130423578,70.8424064605001,Aggregates,,,,Aggregates,Aggregates
East Asia & Pacific,Z4,EAS,2019,,2025-07-01,11578.2748298091,4.04372924529719,2359771090,1.70397863236265,3.81472100039499,76.586261929345,Aggregates,,,,Aggregates,Aggregates
East Asia & Pacific (excluding high income),4E,EAP,2019,,2025-07-01,8286.43967532333,5.8857935889594,2112289891,1.94257500833107,3.89330553057754,75.7689690321509,Aggregates,,,,Aggregates,Aggregates
East Asia & Pacific (IDA & IBRD countries),T4,TEA,2019,,2025-07-01,8379.40686898285,5.88571324697395,2086281644,1.93321335810515,3.91055814607334,75.8042877234534,Aggregates,,,,Aggregates,Aggregates
Ecuador,EC,ECU,2019,,2025-07-01,6205.05765246766,0.1654044646003,17340021,0.266012515466155,3.812,77.286,Latin America & Caribbean,Quito,-78.5243,-0.229498,Upper middle income,IBRD
"Egypt, Arab Rep.",EG,EGY,2019,,2025-07-01,2962.98892023003,5.55209307156956,107553158,9.15279959324804,7.851,71.213,Middle East & North Africa,Cairo,31.2461,30.0982,Lower middle income,IBRD
El Salvador,SV,SLV,2019,,2025-07-01,4320.11671534627,2.43747159065784,6222318,0.0753241350024612,4.17,71.725,Latin America & Caribbean,San Salvador,-89.2073,13.7034,Upper middle income,IBRD
Equatorial Guinea,GQ,GNQ,2019,,2025-07-01,6804.14923073888,-5.48182537893445,1670177,1.53027528964189,8.064,62.297,Sub-Saharan Africa,Malabo,8.7741,3.7523,Upper middle income,IBRD
Eritrea,ER,ERI,2019,,2025-07-01,NA,NA,3240194,NA,5.552,67.306,Sub-Saharan Africa,Asmara,38.9183,15.3315,Low income,IDA
Estonia,EE,EST,2019,,2025-07-01,24021.2501413306,3.72664943466884,1326898,2.27725931243522,4.514,78.6463414634147,Europe & Central Asia,Tallinn,24.7586,59.4392,High income,Not classified
Eswatini,SZ,SWZ,2019,,2025-07-01,3913.12643969301,6.0831764512818,1179874,2.59801620311077,28.138,59.85,Sub-Saharan Africa,Mbabane,31.4659,-26.5225,Lower middle income,Blend
Ethiopia,ET,ETH,2019,,2025-07-01,828.709080522921,8.36408573314054,115737383,15.8096321719344,2.917,65.741,Sub-Saharan Africa,Addis Ababa,38.7468,9.02274,Low income,IDA
Euro area,XC,EMU,2019,,2025-07-01,39212.5111497975,1.6275605718828,346496601,1.44123966942341,7.51936142254261,82.2804211551829,Aggregates,,,,Aggregates,Aggregates
Europe & Central Asia,Z7,ECS,2019,,2025-07-01,24975.4166431436,1.85681538008804,922218554,1.76373586528842,6.6450735805812,78.3042683990405,Aggregates,,,,Aggregates,Aggregates
Europe & Central Asia (excluding high income),7E,ECA,2019,,2025-07-01,6020.63670154835,2.30648934350586,248863066,2.64328192719554,9.16445030301045,74.821186588313,Aggregates,,,,Aggregates,Aggregates
Europe & Central Asia (IDA & IBRD countries),T7,TEC,2019,,2025-07-01,9034.43209100317,2.69803679804454,462219596,2.67599202639893,6.74270634130925,74.5939674450224,Aggregates,,,,Aggregates,Aggregates
European Union,EU,EUU,2019,,2025-07-01,35374.6443827131,1.87715856708597,446910453,1.63052260754344,6.68857556375924,81.3194524901834,Aggregates,,,,Aggregates,Aggregates
Faroe Islands,FO,FRO,2019,,2025-07-01,63067.0695697911,4.53851028676189,51793,NA,NA,82.4439024390244,Europe & Central Asia,Torshavn,-6.91181,61.8926,High income,Not classified
Fiji,FJ,FJI,2019,,2025-07-01,5950.82866866702,-0.581946709343811,914899,1.77310182460282,4.373,67.009,East Asia & Pacific,Suva,178.399,-18.1149,Upper middle income,Blend
Finland,FI,FIN,2019,,2025-07-01,48358.1807773701,1.34973845741737,5521606,1.02409392963431,6.695,81.9829268292683,Europe & Central Asia,Helsinki,24.9525,60.1608,High income,Not classified
Fragile and conflict affected situations,F1,FCS,2019,,2025-07-01,1898.51220216848,2.32565264667006,974824119,2.45280214062732,5.87910736649221,62.1656846945146,Aggregates,,,,Aggregates,Aggregates
France,FR,FRA,2019,,2025-07-01,40408.2848574751,2.02744646419237,67382061,1.10825492288294,8.415,82.8268292682927,Europe & Central Asia,Paris,2.35097,48.8566,High income,Not classified
French Polynesia,PF,PYF,2019,,2025-07-01,21582.5892046801,2.70001206709303,279034,NA,11.565,83.195,East Asia & Pacific,Papeete,-149.57,-17.535,High income,Not classified
Gabon,GA,GAB,2019,,2025-07-01,7441.1786472281,3.92080879452831,2267706,2.46456756151187,20.358,67.337,Sub-Saharan Africa,Libreville,9.45162,0.38832,Upper middle income,IBRD
"Gambia, The",GM,GMB,2019,,2025-07-01,738.186751987483,6.22205315994859,2456844,7.11567625631192,4.538,64.427,Sub-Saharan Africa,Banjul,-16.5885,13.4495,Low income,IDA
Georgia,GE,GEO,2019,,2025-07-01,4741.2832715876,5.38071926589951,3720161,4.85289821696723,11.565,74.165,Europe & Central Asia,Tbilisi,44.793,41.71,Upper middle income,IBRD
Germany,DE,DEU,2019,,2025-07-01,47623.8656074829,0.987893350164853,83092962,1.44565976888253,3.163,81.2926829268293,Europe & Central Asia,Berlin,13.4115,52.5235,High income,Not classified
Ghana,GH,GHA,2019,,2025-07-01,2186.65822682613,6.5077747939152,31258945,7.14364003330857,3.16,64.455,Sub-Saharan Africa,Accra,-0.20795,5.57045,Lower middle income,IDA
Gibraltar,GI,GIB,2019,,2025-07-01,NA,NA,35494,NA,NA,83.183,Europe & Central Asia,,,,High income,Not classified
Greece,GR,GRC,2019,,2025-07-01,19335.3602002969,2.27718065334808,10721582,0.253007522038157,17.045,81.6390243902439,Europe & Central Asia,Athens,23.7166,37.9792,High income,Not classified
Greenland,GL,GRL,2019,,2025-07-01,53309.2035905065,2.83217756798683,56225,NA,NA,71.9443902439024,Europe & Central Asia,Nuuk,-51.7214,64.1836,High income,Not classified
Grenada,GD,GRD,2019,,2025-07-01,10462.7929159533,0.676511738873756,115981,0.598149764736022,NA,74.971,Latin America & Caribbean,Saint George's,-61.7449,12.0653,Upper middle income,Blend
Guam,GU,GUM,2019,,2025-07-01,39274.9431424899,2.52360203340596,161808,NA,5.401,76.645,East Asia & Pacific,Agana,144.794,13.4443,High income,Not classified
Guatemala,GT,GTM,2019,,2025-07-01,4511.99755157656,4.0178979343828,17103803,3.69998398008598,2.193,71.639,Latin America & Caribbean,Guatemala City,-90.5328,14.6248,Upper middle income,IBRD
Guinea,GN,GIN,2019,,2025-07-01,1031.34146480732,5.61691446889876,13034346,9.47001039253012,5.018,59.379,Sub-Saharan Africa,Conakry,-13.7,9.51667,Lower middle income,IDA
Guinea-Bissau,GW,GNB,2019,,2025-07-01,807.425524872835,5.56574533585568,1967696,0.24660026814783,2.413,62.161,Sub-Saharan Africa,Bissau,-15.1804,11.8037,Low income,IDA
Guyana,GY,GUY,2019,,2025-07-01,6405.82443444562,5.35284003535665,807665,2.08723089162013,13.172,69.067,Latin America & Caribbean,Georgetown,-58.1548,6.80461,High income,IDA
Haiti,HT,HTI,2019,,2025-07-01,1352.17204191532,-1.72309699839232,11105163,18.7037825672506,14.057,64.328,Latin America & Caribbean,Port-au-Prince,-72.3288,18.5392,Lower middle income,IDA
Heavily indebted poor countries (HIPC),XE,HPC,2019,,2025-07-01,984.570661558162,4.46794597491902,824649053,2.80270307928111,4.35891138556294,63.0898004183278,Aggregates,,,,Aggregates,Aggregates
High income,XD,,2019,,2025-07-01,41351.4989053257,1.91366941349544,1389779202,1.61519988737213,4.76301804309757,80.1994382042117,NA,NA,NA,NA,NA,NA
Honduras,HN,HND,2019,,2025-07-01,2502.32744328073,2.55963434592314,9943633,4.36587159819267,5.698,72.124,Latin America & Caribbean,Tegucigalpa,-87.4667,15.1333,Lower middle income,IDA
"Hong Kong SAR, China",HK,HKG,2019,,2025-07-01,48359.0011950597,-1.67239516545338,7507900,2.88320853773996,2.917,85.1558536585366,East Asia & Pacific,,114.109,22.3964,High income,Not classified
Hungary,HU,HUN,2019,,2025-07-01,17012.8598553199,5.07718495088933,9694824,3.33858635382008,3.419,76.3195121951219,Europe & Central Asia,Budapest,19.0408,47.4984,High income,Not classified
IBRD only,XF,IBD,2019,,2025-07-01,6517.95432240943,4.03893098145164,4845361414,2.55754475703327,6.08076559371565,74.0315931724484,Aggregates,,,,Aggregates,Aggregates
Iceland,IS,ISL,2019,,2025-07-01,68452.23622306,1.8611779461166,360563,3.01397179156053,3.507,83.1634146341463,Europe & Central Asia,Reykjavik,-21.8952,64.1353,High income,Not classified
IDA & IBRD total,ZT,IBT,2019,,2025-07-01,5169.58132257986,4.03600754316295,6594502842,2.6806827895334,5.7830175614532,71.3942743859044,Aggregates,,,,Aggregates,Aggregates
IDA blend,XH,IDB,2019,,2025-07-01,1878.13375771486,3.02093352732756,614017319,1.98958744120903,5.07726731486215,61.3259973798573,Aggregates,,,,Aggregates,Aggregates
IDA only,XI,IDX,2019,,2025-07-01,1194.07215693518,4.96724649240932,1135124109,2.867588034469,4.61871804976572,65.5828691146811,Aggregates,,,,Aggregates,Aggregates
IDA total,XG,IDA,2019,,2025-07-01,1434.20463760134,4.00013339585763,1749141428,2.72643037388832,4.78267538138002,64.0885399952044,Aggregates,,,,Aggregates,Aggregates
India,IN,IND,2019,,2025-07-01,2041.42863698585,3.87143694070356,1389030312,3.72950573539129,6.51,70.746,South Asia,New Delhi,77.225,28.6353,Lower middle income,IBRD
Indonesia,ID,IDN,2019,,2025-07-01,4106.94856160358,5.01928768046282,272489381,3.03058664969487,3.59,70.349,East Asia & Pacific,Jakarta,106.83,-6.19752,Upper middle income,IBRD
"Iran, Islamic Rep.",IR,IRN,2019,,2025-07-01,3831.27894763337,-3.0705879849703,87051648,39.9073455697784,10.74,76.855,Middle East & North Africa,Tehran,51.4447,35.6878,Upper middle income,IBRD
Iraq,IQ,IRQ,2019,,2025-07-01,5671.8568632942,5.51379057542323,41192171,-0.198965380023928,14.109,71.245,Middle East & North Africa,Baghdad,44.394,33.3302,Upper middle income,IBRD
Ireland,IE,IRL,2019,,2025-07-01,81810.1926481407,5.04054996161159,4976456,0.937842961189274,4.95,82.7024390243903,Europe & Central Asia,Dublin,-6.26749,53.3441,High income,Not classified
Isle of Man,IM,IMN,2019,,2025-07-01,87127.5517977404,0.254877847398262,83957,NA,NA,80.74,Europe & Central Asia,Douglas,-4.47928,54.1509,High income,Not classified
Israel,IL,ISR,2019,,2025-07-01,44250.6313628073,3.71049632750405,9054000,0.84978312826417,3.731,82.8048780487805,Middle East & North Africa,,35.2035,31.7717,High income,Not classified
Italy,IT,ITA,2019,,2025-07-01,33812.788724868,0.429162533780342,59729081,0.611246943765304,9.951,83.4975609756098,Europe & Central Asia,Rome,12.4823,41.8955,High income,Not classified
Jamaica,JM,JAM,2019,,2025-07-01,5607.24299266608,0.892291653822227,2823271,3.90510000865872,4.987,71.532,Latin America & Caribbean,Kingston,-76.792,17.9927,Upper middle income,IBRD
Japan,JP,JPN,2019,,2025-07-01,40415.9567649547,-0.402169200894946,126633000,0.46877615938395,2.351,84.3563414634146,East Asia & Pacific,Tokyo,139.77,35.67,High income,Not classified
Jordan,JO,JOR,2019,,2025-07-01,4170.1144003465,1.75124077866225,10671891,0.761514047265601,16.801,76.865,Middle East & North Africa,Amman,35.9263,31.9497,Lower middle income,IBRD
Kazakhstan,KZ,KAZ,2019,,2025-07-01,9457.12614657136,4.50000000091883,19209555,5.33356098916663,4.8,73.658,Europe & Central Asia,Astana,71.4382,51.1879,Upper middle income,IBRD
Kenya,KE,KEN,2019,,2025-07-01,1960.40808854893,5.11415885767801,51202827,5.23963795764792,5.014,62.939,Sub-Saharan Africa,Nairobi,36.8126,-1.27975,Lower middle income,Blend
Kiribati,KI,KIR,2019,,2025-07-01,1750.9977188915,3.26428756458257,123921,-1.81307995302947,NA,65.866,East Asia & Pacific,Tarawa,172.979,1.32905,Lower middle income,IDA
"Korea, Dem. People's Rep.",KP,PRK,2019,,2025-07-01,NA,NA,26037632,NA,2.782,72.928,East Asia & Pacific,Pyongyang,125.754,39.0319,Low income,Not classified
"Korea, Rep.",KR,KOR,2019,,2025-07-01,31902.4169048194,2.24397786011012,51764822,0.383000303608136,3.746,83.2268292682927,East Asia & Pacific,Seoul,126.957,37.5323,High income,Not classified
Kosovo,XK,XKX,2019,,2025-07-01,4415.99716107514,4.75680057007834,1788891,2.67599202639893,NA,77.249,Europe & Central Asia,Pristina,20.926,42.565,Upper middle income,IDA
Kuwait,KW,KWT,2019,,2025-07-01,31707.8737464917,2.26381690553512,4442316,1.09184802655856,2.251,81.969756097561,Middle East & North Africa,Kuwait City,47.9824,29.3721,High income,Not classified
Kyrgyz Republic,KG,KGZ,2019,,2025-07-01,1421.99927504102,4.60062565707598,6590211,1.13362257718804,4.295,71.6,Europe & Central Asia,Bishkek,74.6057,42.8851,Lower middle income,IDA
Lao PDR,LA,LAO,2019,,2025-07-01,2589.32081035237,5.4577350924848,7237636,3.32255881256925,2.537,67.911,East Asia & Pacific,Vientiane,102.177,18.5826,Lower middle income,IDA
Late-demographic dividend,V3,LTE,2019,,2025-07-01,10112.2012892771,4.74554139385985,2309164437,2.16176258133054,5.18518472054028,76.9982668440355,Aggregates,,,,Aggregates,Aggregates
Latin America & Caribbean,ZJ,LCN,2019,,2025-07-01,8830.22782156102,0.682798837834724,640962372,2.25212191358027,8.000433574947,75.2042598654921,NA,NA,NA,NA,NA,NA
Latin America & Caribbean (excluding high income),XJ,LAC,2019,,2025-07-01,8266.47471229954,0.600027443888251,573311679,2.25212191358027,8.0906886809704,75.0513524613511,Aggregates,,,,Aggregates,Aggregates
Latin America & the Caribbean (IDA & IBRD countries),T2,TLA,2019,,2025-07-01,8654.9472124286,0.6782582884085,625467307,2.0916386224491,8.10424349109534,75.1319711493442,Aggregates,,,,Aggregates,Aggregates
Latvia,LV,LVA,2019,,2025-07-01,17294.9751600969,0.675372771884227,1913822,2.81140920075615,6.312,75.3878048780488,Europe & Central Asia,Riga,24.1048,56.9465,High income,Not classified
Least developed countries: UN classification,XL,LDC,2019,,2025-07-01,1104.18633151052,5.10197781417077,1058013514,3.32090626980376,4.88614655379023,64.9724534415541,Aggregates,,,,Aggregates,Aggregates
Lebanon,LB,LBN,2019,,2025-07-01,8905.88005497437,-6.91492472851026,5794594,3.00538949390383,11.301,78.208,Middle East & North Africa,Beirut,35.5134,33.8872,Lower middle income,IBRD
Lesotho,LS,LSO,2019,,2025-07-01,1082.05706777516,-1.41799383085205,2209405,5.18708359197982,16.876,55.249,Sub-Saharan Africa,Maseru,27.7167,-29.5208,Lower middle income,IDA
Liberia,LR,LBR,2019,,2025-07-01,658.164180770507,-2.46729763532686,5043721,26.9662760197878,3.068,61.232,Sub-Saharan Africa,Monrovia,-10.7957,6.30039,Low income,IDA
Libya,LY,LBY,2019,,2025-07-01,9963.19489084483,-11.1960828853386,6951033,-2.16217883470595,19.05,72.941,Middle East & North Africa,Tripoli,13.1072,32.8578,Upper middle income,IBRD
Liechtenstein,LI,LIE,2019,,2025-07-01,166907.839305016,NA,38563,NA,NA,84.1609756097561,Europe & Central Asia,Vaduz,9.52148,47.1411,High income,Not classified
Lithuania,LT,LTU,2019,,2025-07-01,19608.7943945553,4.67735183530451,2811089,2.33450937988027,6.255,76.2829268292683,Europe & Central Asia,Vilnius,25.2799,54.6896,High income,Not classified
Low & middle income,XO,LMY,2019,,2025-07-01,4904.42291649614,4.13659140754494,6243849229,2.74176382475803,5.86090462453527,71.3698556147386,Aggregates,,,,Aggregates,Aggregates
Low income,XM,,2019,,2025-07-01,654.940947912545,3.4556618926951,544980983,2.83514555687506,5.52597867853071,62.7974465200669,NA,NA,NA,NA,NA,NA
Lower middle income,XN,,2019,,2025-07-01,2153.95427108494,4.07069813320977,2928617292,3.39341969627973,5.63134975487558,68.5574256254118,NA,NA,NA,NA,NA,NA
Luxembourg,LU,LUX,2019,,2025-07-01,112696.649059674,2.74931929072659,620001,1.74332075653848,5.592,82.6390243902439,Europe & Central Asia,Luxembourg,6.1296,49.61,High income,Not classified
"Macao SAR, China",MO,MAC,2019,,2025-07-01,81967.699172769,-2.5634151500998,672000,2.75193081051982,1.749,83.9292682926829,East Asia & Pacific,,113.55,22.1667,High income,Not classified
Madagascar,MG,MDG,2019,,2025-07-01,499.818837622534,4.41123212909589,28219554,5.61051441492365,2.469,63.504,Sub-Saharan Africa,Antananarivo,45.7167,-20.4667,Low income,IDA
Malawi,MW,MWI,2019,,2025-07-01,580.889816066776,5.71682519194337,19025752,9.3708360560567,4.966,64.995,Sub-Saharan Africa,Lilongwe,33.7703,-13.9899,Low income,IDA
Malaysia,MY,MYS,2019,,2025-07-01,10920.191763972,4.41318742129586,33440596,0.662891865764326,3.26,75.9,East Asia & Pacific,Kuala Lumpur,101.684,3.12433,Upper middle income,IBRD
Maldives,MV,MDV,2019,,2025-07-01,11740.2724029785,6.92305980832566,487731,0.220029731065383,4.562,79.707,South Asia,Male,73.5109,4.1742,Upper middle income,IDA
Mali,ML,MLI,2019,,2025-07-01,971.949318638092,4.99999911699705,21068405,-1.65826694846365,3.29,59.217,Sub-Saharan Africa,Bamako,-7.50034,13.5667,Low income,IDA
Malta,MT,MLT,2019,,2025-07-01,32421.9179753188,4.08470602847339,503912,1.6420600176894,3.616,82.6585365853659,Middle East & North Africa,Valletta,14.5189,35.9042,High income,Not classified
Marshall Islands,MH,MHL,2019,,2025-07-01,5292.33985502306,10.4521147301896,44007,NA,NA,66.047,East Asia & Pacific,Majuro,171.135,7.11046,Upper middle income,IDA
Mauritania,MR,MRT,2019,,2025-07-01,1767.072710621,3.14100489306969,4467708,2.30009262117937,10.416,67.64,Sub-Saharan Africa,Nouakchott,-15.9824,18.2367,Lower middle income,IDA
Mauritius,MU,MUS,2019,,2025-07-01,11403.2527870674,2.89128499346516,1265985,0.405655190309553,6.331,74.2358536585366,Sub-Saharan Africa,Port Louis,57.4977,-20.1605,Upper middle income,IBRD
Mexico,MX,MEX,2019,,2025-07-01,10369.555358527101,-0.392690505099296,125762982,3.63596142127046,3.477,74.53,Latin America & Caribbean,Mexico City,-99.1276,19.427,Upper middle income,IBRD
"Micronesia, Fed. Sts.",FM,FSM,2019,,2025-07-01,3572.65918282222,4.08163265306123,110282,1.92385170787923,NA,66.196,East Asia & Pacific,Palikir,158.185,6.91771,Lower middle income,IDA
"Middle East, North Africa, Afghanistan & Pakistan",ZQ,MEA,2019,,2025-07-01,5371.48987165166,1.48601094232231,742714463,1.33601568147655,8.33464243815053,71.2438695042576,NA,NA,NA,NA,NA,NA
"Middle East, North Africa, Afghanistan & Pakistan (excluding high income)",XQ,MNA,2019,,2025-07-01,2674.37046083008,1.21907744890855,680490997,2.65388100453608,9.0686335886182,70.417484585256,NA,NA,NA,NA,NA,NA
"Middle East, North Africa, Afghanistan & Pakistan (IDA & IBRD)",T3,TMN,2019,,2025-07-01,2667.55895258895,1.21794283279864,675805691,3.00538949390383,8.96706656274344,70.3800917806817,NA,NA,NA,NA,NA,NA
Middle income,XP,MIC,2019,,2025-07-01,5310.45350032976,4.14501518615189,5698868246,2.70121120014363,5.88604740796725,72.1896324078539,Aggregates,,,,Aggregates,Aggregates
Moldova,MD,MDA,2019,,2025-07-01,4405.33418162155,3.5523140853476,2664224,4.83778351428722,1.466,70.181,Europe & Central Asia,Chisinau,28.8497,47.0167,Upper middle income,IBRD
Monaco,MC,MCO,2019,,2025-07-01,193746.785647412,7.12088951975396,38109,NA,NA,86.151,Europe & Central Asia,Monaco,7.41891,43.7325,High income,Not classified
Mongolia,MN,MNG,2019,,2025-07-01,4347.54610314873,5.60224422064255,3267673,7.30106953550723,9.269,71.0531707317073,East Asia & Pacific,Ulaanbaatar,106.937,47.9129,Upper middle income,IBRD
Montenegro,ME,MNE,2019,,2025-07-01,8842.48528706869,4.06294499167197,626753,0.361563704540767,15.128,76.6829268292683,Europe & Central Asia,Podgorica,19.2595,42.4602,Upper middle income,IBRD
Morocco,MA,MAR,2019,,2025-07-01,3508.09765625,2.89097476137077,36210898,0.303386036590383,9.194,74.245,Middle East & North Africa,Rabat,-6.8704,33.9905,Lower middle income,IBRD
Mozambique,MZ,MOZ,2019,,2025-07-01,519.09255091362,2.31781394821475,29884380,2.80270307928111,3.646,61.306,Sub-Saharan Africa,Maputo,32.5713,-25.9664,Low income,IDA
Myanmar,MM,MMR,2019,,2025-07-01,1425.98954211903,6.57911006765414,52640713,8.82506696804558,0.407,66.457,East Asia & Pacific,Naypyidaw,95.9562,21.914,Lower middle income,IDA
Namibia,NA,NAM,2019,,2025-07-01,4731.9210318831,-0.83915216341935694,2650494,3.72239414422695,19.921,63.546,Sub-Saharan Africa,Windhoek,17.0931,-22.5648,Upper middle income,IBRD
Nauru,NR,NRU,2019,,2025-07-01,10776.8284610316,8.48673659193109,11587,NA,NA,61.393,East Asia & Pacific,Yaren District,166.920867,-0.5477,High income,IBRD
Nepal,NP,NPL,2019,,2025-07-01,1203.14294706401,6.65705543110468,28414064,5.56868547784929,10.389,69.299,South Asia,Kathmandu,85.3157,27.6939,Lower middle income,IDA
Netherlands,NL,NLD,2019,,2025-07-01,53554.9007491475,2.30009157916757,17344874,2.63369910249601,3.379,82.1121951219512,Europe & Central Asia,Amsterdam,4.89095,52.3738,High income,Not classified
New Caledonia,NC,NCL,2019,,2025-07-01,33411.3358835672,-1.40000000198451,283606,NA,10.88,77.262,East Asia & Pacific,Noum'ea,166.464,-22.2677,High income,Not classified
New Zealand,NZ,NZL,2019,,2025-07-01,42779.2298164101,2.31747144034802,4979200,1.61963190184048,4.109,82.0560975609756,East Asia & Pacific,Wellington,174.776,-41.2865,High income,Not classified
Nicaragua,NI,NIC,2019,,2025-07-01,1958.62051528095,-2.89686986728901,6483657,5.37628990844126,5.472,73.764,Latin America & Caribbean,Managua,-86.2734,12.1475,Lower middle income,IDA
Niger,NE,NER,2019,,2025-07-01,561.691304349698,5.93985257123522,22947757,-2.48979265070855,0.531,60.031,Sub-Saharan Africa,Niamey,2.1073,13.514,Low income,IDA
Nigeria,NG,NGA,2019,,2025-07-01,2265.15520863056,2.20842927714881,209485641,11.3964223378115,5.206,53.009,Sub-Saharan Africa,Abuja,7.48906,9.05804,Lower middle income,Blend
North America,XU,NAC,2019,,2025-07-01,63306.7999807977,2.53036586266846,367908829,1.88073954968807,3.890566885067,79.1334134419141,Aggregates,,,,Aggregates,Aggregates
North Macedonia,MK,MKD,2019,,2025-07-01,6718.85826635458,3.91041953840173,1876262,0.766439573459716,17.414,76.6024390243903,Europe & Central Asia,Skopje,21.4361,42.0024,Upper middle income,IBRD
Northern Mariana Islands,MP,MNP,2019,,2025-07-01,24496.6652122421,-11.4474929044465,48129,NA,NA,77.844,East Asia & Pacific,Saipan,145.765,15.1935,High income,Not classified
Norway,NO,NOR,2019,,2025-07-01,76430.5889473338,1.12374694968757,5347896,2.16773003305402,3.684,82.9585365853659,Europe & Central Asia,Oslo,10.7387,59.9138,High income,Not classified
Not classified,XY,,2019,,2025-07-01,NA,NA,NA,NA,NA,NA,NA,NA,NA,NA,NA,NA
OECD members,OE,OED,2019,,2025-07-01,39718.0136147565,1.85801249341854,1364155119,1.74071267870181,5.38835760541211,80.2450777215729,Aggregates,,,,Aggregates,Aggregates
Oman,OM,OMN,2019,,2025-07-01,19180.1864152801,-1.12863801728058,4591241,0.490815362820671,2.04,79.946,Middle East & North Africa,Muscat,58.5874,23.6105,High income,Not classified
Other small states,S4,OSS,2019,,2025-07-01,12871.1657622001,4.3378061036871,12281907,1.37436338032502,8.32651485903715,72.6570116424877,Aggregates,,,,Aggregates,Aggregates
Pacific island small states,S2,PSS,2019,,2025-07-01,4170.32120953703,1.1536188414301,2568656,1.40719939417023,3.21394324925117,68.6421578303985,Aggregates,,,,Aggregates,Aggregates
Pakistan,PK,PAK,2019,,2025-07-01,1390.41690981745,2.49763692943365,230800899,10.5783618004555,4.83,66.729,South Asia,Islamabad,72.8,30.5167,Lower middle income,Blend
Palau,PW,PLW,2019,,2025-07-01,15841.1956399595,0.200015068654793,17798,0.26737967914444,NA,68.982,East Asia & Pacific,Koror,134.479,7.34194,High income,IBRD
Panama,PA,PAN,2019,,2025-07-01,16477.9066285687,3.10306788630359,4234700,-0.355083821021245,6.256,78.514,Latin America & Caribbean,Panama City,-79.5188,8.99427,High income,IBRD
Papua New Guinea,PG,PNG,2019,,2025-07-01,2575.77274140393,4.48051456942582,9609010,3.92867290939597,2.634,65.331,East Asia & Pacific,Port Moresby,147.194,-9.47357,Lower middle income,Blend
Paraguay,PY,PRY,2019,,2025-07-01,5821.18199548637,-0.40185510068001,6515058,2.75709727562775,6.595,73.668,Latin America & Caribbean,Asuncion,-57.6362,-25.3005,Upper middle income,IBRD
Peru,PE,PER,2019,,2025-07-01,7037.00803692604,2.24063176875049,32449303,2.25212191358027,3.379,76.275,Latin America & Caribbean,Lima,-77.0465,-12.0931,Upper middle income,IBRD
Philippines,PH,PHL,2019,,2025-07-01,3400.78949767074,6.11852566221303,110804683,2.39206534422404,2.237,69.68,East Asia & Pacific,Manila,121.035,14.5515,Lower middle income,IBRD
Poland,PL,POL,2019,,2025-07-01,15874.5220531254,4.58045817256199,37965475,2.227478809383,3.267,77.9048780487805,Europe & Central Asia,Warsaw,21.02,52.26,High income,IBRD
Portugal,PT,PRT,2019,,2025-07-01,23343.3628970034,2.74568479564236,10286263,0.338178410046034,6.464,81.6756097560976,Europe & Central Asia,Lisbon,-9.13552,38.7072,High income,Not classified
Post-demographic dividend,V4,PST,2019,,2025-07-01,45864.970468297,1.83639112828892,1114907717,1.61963190184048,4.94120127549079,80.9700933374947,Aggregates,,,,Aggregates,Aggregates
Pre-demographic dividend,V1,PRE,2019,,2025-07-01,1476.6218732969,3.34123143574774,972302503,2.45280214062732,5.42309463719319,60.5568008955552,Aggregates,,,,Aggregates,Aggregates
Puerto Rico (US),PR,PRI,2019,,2025-07-01,31830.5284993358,1.67546379498209,3302691,NA,8.3,81.438,NA,NA,NA,NA,NA,NA
Qatar,QA,QAT,2019,,2025-07-01,66841.3013484919,0.688240954592672,2638657,-0.666641124861147,0.1,82.945,Middle East & North Africa,Doha,51.5082,25.2948,High income,Not classified
Romania,RO,ROU,2019,,2025-07-01,12992.0326104674,3.92326384963494,19371648,3.82785432599438,3.912,75.6073170731707,Europe & Central Asia,Bucharest,26.0979,44.4479,High income,IBRD
Russian Federation,RU,RUS,2019,,2025-07-01,11447.701171875,2.19807571335009,145453291,4.47036660760173,4.513,73.0839024390244,Europe & Central Asia,Moscow,37.6176,55.7558,High income,IBRD
Rwanda,RW,RWA,2019,,2025-07-01,810.051412137354,9.44738518613097,12776103,3.34787655037648,11.236,66.691,Sub-Saharan Africa,Kigali,30.0587,-1.95325,Low income,IDA
Samoa,WS,WSM,2019,,2025-07-01,4351.94234943706,4.45185891688691,209780,0.982326569888117,7.838,70.269,East Asia & Pacific,Apia,-171.752,-13.8314,Lower middle income,IDA
San Marino,SM,SMR,2019,,2025-07-01,46627.0122356944,2.06568514732741,34663,0.472651967352852,NA,85.257,Europe & Central Asia,San Marino,12.4486,43.9322,High income,Not classified
Sao Tome and Principe,ST,STP,2019,,2025-07-01,1935.2931816596,2.01431672129407,213392,7.72024525213248,8.831,68.043,Sub-Saharan Africa,Sao Tome,6.6071,0.20618,Lower middle income,IDA
Saudi Arabia,SA,SAU,2019,,2025-07-01,29566.7933827436,1.65156358885577,30063799,-2.09334900966552,5.636,78.313,Middle East & North Africa,Riyadh,46.6977,24.6748,High income,Not classified
Senegal,SN,SEN,2019,,2025-07-01,1431.18128932159,4.61362809749708,16352922,1.76011151192939,2.863,67.668,Sub-Saharan Africa,Dakar,-17.4734,14.7247,Lower middle income,IDA
Serbia,RS,SRB,2019,,2025-07-01,7755.632986437,4.75020793899014,6945235,1.84922984511086,10.395,75.9365853658537,Europe & Central Asia,Belgrade,20.4656,44.8024,Upper middle income,IBRD
Seychelles,SC,SYC,2019,,2025-07-01,19141.5118743615,5.5142920737342,97625,1.80709400809982,NA,74.0463414634146,Sub-Saharan Africa,Victoria,55.4466,-4.6309,High income,IBRD
Sierra Leone,SL,SLE,2019,,2025-07-01,844.049555179116,5.50270937378153,7731991,14.8049990906021,3.203,59.593,Sub-Saharan Africa,Freetown,-13.2134,8.4821,Low income,IDA
Singapore,SG,SGP,2019,,2025-07-01,65952.0378959293,1.30804118153127,5703569,0.567829988405447,3.1,83.5951219512195,East Asia & Pacific,Singapore,103.85,1.28941,High income,Not classified
Sint Maarten (Dutch part),SX,SXM,2019,,2025-07-01,34861.469528968,10.9650009352392,40385,NA,NA,75.68,Latin America & Caribbean,Philipsburg,,,High income,Not classified
Slovak Republic,SK,SVK,2019,,2025-07-01,19406.0589683582,2.27589910019393,5454147,2.66456133425431,5.761,77.6658536585366,Europe & Central Asia,Bratislava,17.1073,48.1484,High income,Not classified
Slovenia,SI,SVN,2019,,2025-07-01,25814.1687167572,3.50525332381912,2088385,1.63052260754344,4.446,81.5292682926829,Europe & Central Asia,Ljubljana,14.5044,46.0546,High income,Not classified
Small states,S1,SST,2019,,2025-07-01,11958.5107041682,3.19524875897925,19293697,1.179543348218,7.69114842257148,72.0009607335469,Aggregates,,,,Aggregates,Aggregates
Solomon Islands,SB,SLB,2019,,2025-07-01,2223.66502559565,1.74856655451832,728147,1.63485544012247,0.743,69.981,East Asia & Pacific,Honiara,159.949,-9.42676,Lower middle income,IDA
Somalia,SO,SOM,2019,,2025-07-01,539.893931565407,2.8243133654528,16030971,NA,18.828,57.249,Sub-Saharan Africa,Mogadishu,45.3254,2.07515,Low income,IDA
South Africa,ZA,ZAF,2019,,2025-07-01,6533.71121032856,0.25993557687633,59587885,4.10285075461156,28.468,66.071,Sub-Saharan Africa,Pretoria,28.1871,-25.746,Upper middle income,IBRD
South Asia,8S,SAS,2019,,2025-07-01,2067.05975687637,4.09454306494122,1605412986,3.6289496588547,6.29818732290556,70.9975623145981,Aggregates,,,,Aggregates,Aggregates
South Asia (IDA & IBRD),T5,TSA,2019,,2025-07-01,2067.05975687637,4.09454306494122,1605412986,3.6289496588547,6.29818732290556,70.9975623145981,Aggregates,,,,Aggregates,Aggregates
South Sudan,SS,SSD,2019,,2025-07-01,NA,NA,10423384,87.241364150003207,12.709,58.129,Sub-Saharan Africa,Juba,31.6,4.85,Low income,IDA
Spain,ES,ESP,2019,,2025-07-01,29786.5245689007,1.96117850841711,47118501,0.699518994458739,14.104,83.8317073170732,Europe & Central Asia,Madrid,-3.70327,40.4167,High income,Not classified
Sri Lanka,LK,LKA,2019,,2025-07-01,4081.94772722003,-0.220483886831275,21803000,3.52839358231811,4.67,76.698,South Asia,Colombo,79.8528,6.92148,Lower middle income,IDA
St. Kitts and Nevis,KN,KNA,2019,,2025-07-01,23595.4923231291,2.93824658056356,46952,-0.329562063663977,NA,71.54,Latin America & Caribbean,Basseterre,-62.7309,17.3,High income,IBRD
St. Lucia,LC,LCA,2019,,2025-07-01,11794.0597229805,-0.700322396299441,177661,0.539087559191757,15.613,72.249,Latin America & Caribbean,Castries,-60.9832,14,Upper middle income,Blend
St. Martin (French part),MF,MAF,2019,,2025-07-01,19033.0594854512,6.50000363700821,34267,NA,NA,80.078,Latin America & Caribbean,Marigot,,,High income,Not classified
St. Vincent and the Grenadines,VC,VCT,2019,,2025-07-01,8740.59425232061,0.668428481084234,104167,0.91306972532459,19.235,70.994,Latin America & Caribbean,Kingstown,-61.2653,13.2035,Upper middle income,Blend
Sub-Saharan Africa,ZG,SSF,2019,,2025-07-01,1617.66888069241,2.69669702259911,1139315618,2.83514555687506,6.2679212107601,61.1293218424873,NA,NA,NA,NA,NA,NA
Sub-Saharan Africa (excluding high income),ZF,SSA,2019,,2025-07-01,1705.21463047615,2.41858916335187,1023480610,2.83514555687506,6.67205825988269,60.6065912895076,Aggregates,,,,Aggregates,Aggregates
Sub-Saharan Africa (IDA & IBRD countries),T6,TSS,2019,,2025-07-01,1617.66888069241,2.69669702259915,1139315618,2.83514555687506,6.2679212107601,61.1293218424873,Aggregates,,,,Aggregates,Aggregates
Sudan,SD,SDN,2019,,2025-07-01,709.975280761719,-2.17825104530091,45548175,50.9940515002965,11.658,65.803,Sub-Saharan Africa,Khartoum,32.5363,15.5932,Low income,IDA
Suriname,SR,SUR,2019,,2025-07-01,6629.66775248603,1.16758977233877,605768,NA,7.556,71.773,Latin America & Caribbean,Paramaribo,-55.1679,5.8232,Upper middle income,Blend
Sweden,SE,SWE,2019,,2025-07-01,51773.0464558993,2.54964787203104,10278887,1.78415097403835,6.833,83.109756097561,Europe & Central Asia,Stockholm,18.0645,59.3327,High income,Not classified
Switzerland,CH,CHE,2019,,2025-07-01,84121.9310304414,1.14198218965691,8575280,0.362886179940614,4.394,83.9048780487805,Europe & Central Asia,Bern,7.44821,46.948,High income,Not classified
Syrian Arab Republic,SY,SYR,2019,,2025-07-01,1109.53926036049,1.22070522070523,20353534,13.4175653228571,13.36,70.97,Middle East & North Africa,Damascus,36.3119,33.5146,Low income,IDA
Tajikistan,TJ,TJK,2019,,2025-07-01,871.022372934846,7.40000016310556,9529966,NA,11.419,70.962,Europe & Central Asia,Dushanbe,68.7864,38.5878,Lower middle income,IDA
Tanzania,TZ,TZA,2019,,2025-07-01,1063.32250976563,5.79999999996723,59174891,3.4642805799902,2.496,66.007,Sub-Saharan Africa,Dodoma,35.7382,-6.17486,Lower middle income,IDA
Thailand,TH,THA,2019,,2025-07-01,7605.69657797759,2.11455779628278,71522271,0.706728601314311,0.716,77.197,East Asia & Pacific,Bangkok,100.521,13.7308,Upper middle income,IBRD
Timor-Leste,TL,TLS,2019,,2025-07-01,1562.36458068032,23.4120135843883,1300945,0.958812739703141,3.097,66.496,East Asia & Pacific,Dili,125.567,-8.56667,Lower middle income,Blend
Togo,TG,TGO,2019,,2025-07-01,826.260654099894,4.92292591685973,8463068,0.685897590895497,2.036,61.055,Sub-Saharan Africa,Lome,1.2255,6.1228,Low income,IDA
Tonga,TO,TON,2019,,2025-07-01,4676.84802517145,-0.208433391421963,105669,1.179543348218,2.157,72.292,East Asia & Pacific,Nuku'alofa,-175.216,-21.136,Upper middle income,IDA
Trinidad and Tobago,TT,TTO,2019,,2025-07-01,17293.4730123427,0.471813384187158,1363985,1.00054293027237,3.523,72.836,Latin America & Caribbean,Port-of-Spain,-61.4789,10.6596,High income,IBRD
Tunisia,TN,TUN,2019,,2025-07-01,3528.87213306798,1.58784665466504,11875081,6.72007532863799,17.153,75.599,Middle East & North Africa,Tunis,10.21,36.7899,Lower middle income,IBRD
Turkiye,TR,TUR,2019,,2025-07-01,9215.44049888114,0.818514526726673,82579440,15.1768215720022,13.73,77.737,Europe & Central Asia,Ankara,32.3606,39.7153,Upper middle income,IBRD
Turkmenistan,TM,TKM,2019,,2025-07-01,6648.0348960628,6.30000004226711,6803944,NA,4.043,69.405,Europe & Central Asia,Ashgabat,58.3794,37.9509,Upper middle income,IBRD
Turks and Caicos Islands,TC,TCA,2019,,2025-07-01,31780.5217068989,4.98170549382992,43166,NA,NA,77.691,Latin America & Caribbean,Grand Turk,-71.141389,21.4602778,High income,Not classified
Tuvalu,TV,TUV,2019,,2025-07-01,5115.13075950206,13.8220984406966,10581,NA,NA,66.109,East Asia & Pacific,Funafuti,179.089567,-8.6314877,Upper middle income,IDA
Uganda,UG,UGA,2019,,2025-07-01,822.171150141651,6.43874503276439,42999637,2.867588034469,3.06,66.354,Sub-Saharan Africa,Kampala,32.5729,0.314269,Low income,IDA
Ukraine,UA,UKR,2019,,2025-07-01,3619.86157226563,3.19950386354134,44957458,7.88671745611133,8.194,73.92,Europe & Central Asia,Kiev,30.5038,50.4536,Upper middle income,IBRD
United Arab Emirates,AE,ARE,2019,,2025-07-01,44251.4541398817,1.10834813453296,9445785,-1.93108114782173,2.331,82.596,Middle East & North Africa,Abu Dhabi,54.3705,24.4764,High income,Not classified
United Kingdom,GB,GBR,2019,,2025-07-01,42794.0022648288,1.62447518038404,66631000,1.73810460086513,3.613,81.3691219512195,Europe & Central Asia,London,-0.126236,51.5002,High income,Not classified
United States,US,USA,2019,,2025-07-01,65227.9565911038,2.58382533018889,330226227,1.81221007526021,3.669,78.7878048780488,North America,Washington D.C.,-77.032,38.8895,High income,Not classified
Upper middle income,XT,,2019,,2025-07-01,8647.39963930798,4.1642897274339,2770250954,1.82991680777023,6.09392060484926,76.029480770985,NA,NA,NA,NA,NA,NA
Uruguay,UY,URY,2019,,2025-07-01,18315.7316980028,0.928351141267498,3397206,7.88198870879619,8.836,77.503,Latin America & Caribbean,Montevideo,-56.0675,-34.8941,High income,IBRD
Uzbekistan,UZ,UZB,2019,,2025-07-01,2041.38480729431,6.77992399655236,32964701,14.5257359560687,4.932,72.093,Europe & Central Asia,Tashkent,69.269,41.3052,Lower middle income,Blend
Vanuatu,VU,VUT,2019,,2025-07-01,3207.44650452083,3.24118765540442,291985,2.76252019386111,5.444,70.783,East Asia & Pacific,Port-Vila,168.321,-17.7404,Lower middle income,IDA
"Venezuela, RB",VE,VEN,2019,,2025-07-01,NA,NA,28938098,NA,5.876,72.766,Latin America & Caribbean,Caracas,-69.8371,9.08165,Not classified,IBRD
Viet Nam,VN,VNM,2019,,2025-07-01,3440.90025375434,7.35926270105006,97173776,2.7958236745225,1.681,74.211,East Asia & Pacific,Hanoi,105.825,21.0069,Lower middle income,IBRD
Virgin Islands (U.S.),VI,VIR,2019,,2025-07-01,38633.5298915336,2.90833549727343,106669,NA,12.551,79.6682926829268,Latin America & Caribbean,Charlotte Amalie,-64.8963,18.3358,High income,Not classified
West Bank and Gaza,PS,PSE,2019,,2025-07-01,3656.85827137011,1.36268746558062,4685306,1.58018333639455,25.34,75.811,Middle East & North Africa,,,,Lower middle income,Not classified
World,1W,WLD,2019,,2025-07-01,11376.8233409999,2.71004016031682,7778303912,2.20607305781525,5.59856226082904,72.8689103086688,Aggregates,,,,Aggregates,Aggregates
"Yemen, Rep.",YE,YEM,2019,,2025-07-01,623.376168144679,NA,35111408,NA,17.202,66.567,Middle East & North Africa,Sana'a,44.2075,15.352,Low income,IDA
Zambia,ZM,ZMB,2019,,2025-07-01,1258.98619844462,1.44130602603785,18513839,9.15031644316296,5.542,62.914,Sub-Saharan Africa,Lusaka,28.2937,-15.3982,Lower middle income,IDA
Zimbabwe,ZW,ZWE,2019,,2025-07-01,1683.91313584141,-6.33244975108572,15271368,255.304990757856,7.373,61.06,Sub-Saharan Africa,Harare,31.0672,-17.8312,Lower middle income,Blend
